#味达美年味小馆#酒酿豆乳炒鸡蛋青笋,Janeny,722,16
酸菜心烧土豆,[泺・园,1039,29
#味达美年味小馆#腊肉炒米饭,简单love1236,1011,31
南瓜番茄蛋黄糊泥,悦悦妈辅食记,483,1
奶油风味挤花曲奇,GaaZeon_,737,18
手抓饼版桃花酥,果果的西米露,882,19
牛油果香蕉泥,悦悦妈辅食记,575,3
#味达美年味小馆#香辣猪肚,阿紫郡主,2416,43
#味达美年味小馆#年年有鱼～红烧青花鱼,辰辰妈dg,3887,131
#味达美年味小馆#鲍鱼红烧肉,霖的吃货铺,7027,198
#食在幸福年 总有新花样#大葱萝卜条咸鱼块,快乐天使乐乐妈,511,0
#安佳新年聚会食谱#芝心肉丸,辰辰妈dg,3772,128
#袋福到万家#大桔大利（桔子炸弹）,世乙,4149,115
时蔬牛肉羹,悦悦妈辅食记,4391,266
金桔雪梨百合饮,眉眉健康厨房,3183,117
猪肉铺,安小姐姐姐姐,2337,10
#味达美年味小馆#快手版土豆黄焖鸡，年夜饭省时利器,澄还是橙色,8575,272
#袋福到万家#黑芝麻蛋糕-搅拌一下即可,Taloves,7553,255
口齿留香-黑椒牛肉丸！#给年味整点鲜的#,归家小厨,5136,141
#食在幸福年 总有新花样#山东白菜猪肉包子,cocoqybk,1320,40
香芋牛奶西米露,不休息大侠的麻麻,3507,29
炸虾仁,ch小布丁,1223,27
【一人食】快手家常挂面#袋福到万家#,peddingcell,6241,202
#袋福到万家# 皮爷复刻【海盐焦糖】,沈麦麦,5631,164
#给年味整点鲜的#酸辣藕带炒牛肉,快乐wen**e,5576,145
无水鸡蛋糕 蜂蜜小蛋糕,Yolanda-Jin,2087,56
西兰花炒虾仁  给年夜饭来个好吃又营养的一道菜,快乐每一天lxku,2000,50
新年必备主食蒸面条#味达美年味小馆#,菜菜小厨记,9099,313
#让每餐蔬菜都营养美味#芹菜木耳炒肉丝,salila82,9622,315
牛肉锅贴,提灯小老鼠,1400,21
蛋奶吐司,焙着乐,1.3万,418
呛面馒头,瞬g丶花,4016,59
#味达美年味小馆#耗油生菜,爱家爱娃爱美食,8940,244
#食在幸福年 总有新花样#苹果拿来煲汤居然这么好喝！,静香爱下厨和追剧,4449,101
#让每餐蔬菜都营养美味#炒头水紫菜,南风微醺,7775,208
#给年味整点鲜的#干煸豆角,爱生活的糯米糍儿,1.0万,332
#食在幸福年 总有新花样#干煸豆角,爱生活的糯米糍儿,1606,48
烤箱版烤五花肉,张吖小鱼,4202,80
西红柿煎蛋酸汤丸子,晓厨喂猫啦,1674,29
抹茶海绵蛋糕,晓厨喂猫啦,2386,60
年夜饭解腻小甜品柠檬话梅小番茄,NZmom,9687,313
#安佳新年聚会食谱#芝士手抓饼盒子,火镀红叶,1.1万,331
#安佳新年聚会食谱#奶油土司,__Bobo__,1.4万,486
自制果茶,小蜗牛爱慢生活,1883,19
香炒平菇,松饼儿,2901,68
#给年味整点鲜的#节节高升 | 甜而不腻的话梅小排,不负筱食光,1.1万,302
#味达美年味小馆# 凉拌葱油萝卜丝,polaris滴食记,1.8万,638
韭菜盒子,草莓兔老板,5512,85
香辣猪腰,玲子爱生活,2994,74
#给年味整点鲜的#鲜虾豆腐味增汤，健康味增一下！,齐刘海超会吃,1.2万,342
过年油角,莉218,2681,65
南瓜焦糖蛋糕,漫长的鱼肉制品,2145,14
#给年味整点鲜的#加拿大北极虾牛油果便当，来自大洋彼岸的鲜！,八鲜过海,1.3万,434
#食在幸福年 总有新花样#团团圆圆｜萝卜丸子,年轻的心hxez,8865,318
小零食牛肉干,沁柳相依,2547,67
#给年味整点鲜的#葱烧猪肉，鲜香嫩滑！,齐刘海超会吃,1.3万,392
#味达美年味小馆#老上海葱油拌面,shamojinlihua,1.7万,546
#味达美年味小馆#软糯香甜入味/红烧肥肠,吴妈厨房,1.3万,360
#食在幸福年 总有新花样#话梅小番茄,零度甜品,6768,231
#袋福到万家#香煎牡蛎,嘉日辰,1.7万,446
芝士肉松三明治,水尝无华,1.9万,615
#味达美年味小馆#耗油开洋冬瓜,爱家爱娃爱美食,1.4万,370
#食在幸福年 总有新花样#牛气冲天（烤牛肋排）,悠悠薇,2786,13
花开富贵｜京酱肉丝,Red_衡妈,5634,37
豆角烧茄子，酱香浓郁的东北年菜 #健康炸味用多力#,秋食工作室,1.6万,444
椒盐桃酥,茶苏苏烘焙日记,3754,21
#让每餐蔬菜都营养美味#鸡汁芹菜,小小小雪碧,1.4万,383
简单易学又好吃的清蒸桂鱼#味达美年味小馆#,辛就美食,2.3万,745
#味达美年味小馆#红烧肉炖粉条,虫懒懒,1.5万,408
#袋福到万家#牛骨萝卜汤,薯条沾腐乳,1.8万,505
#安佳新年聚会食谱#芝士香肠面包,不做纯粹吃货,2.3万,738
#食在幸福年 总有新花样#三分钟开吃！有菜有蛋的炒饭,木瓜甜甜,3336,74
桔子奶油盒子,世乙,1.9万,562
#食在幸福年 总有新花样#暖胃牛丸汤,木瓜甜甜,3577,6
蔓越莓乳酸菌蛋糕,我系波斯Cat,8434,288
#味达美年味小馆#鲜美易学孜然带鱼,紫绫罗,2.7万,961
蜜汁小炒猪颈肉,颖淇宝贝,2818,7
#味达美年味小馆#红烧鸡,Dandelion_蒲公英,2.1万,651
#给年味整点鲜的#《韩式牛肉豆腐锅》,薇薇美味厨房,1.7万,482
巨无霸爆浆三明治,⑶嗌,2.3万,753
蒜香白酱h菜花#安佳新年聚会食谱#,泥大鳅鳅鳅鳅鳅,2.4万,827
#安佳新年聚会食谱#双重巧克力吐司,燕籽姐,2.0万,560
#安佳新年聚会食谱#培根芝士土豆泥卷,霖的吃货铺,2.3万,764
曲奇饼干,是樱桃麻麻,4045,13
【摩卡雪花酥】备年货啦！吃的根本停不下来,小小小喜果,1.5万,599
适合秋冬的酱萝卜,糖荟,3193,13
肠衣排骨,媛来美食,1574,11
#味达美年味小馆#腰缠万贯,辰辰妈dg,3.6万,1283
#袋福到万家#苦苣蛋炒饭,薯条沾腐乳,2.1万,537
巧克力溶岩蛋糕,懿依坊,3.4万,1104
芝心牛肉饼#安佳新年聚会食谱#,泥大鳅鳅鳅鳅鳅,3.2万,1085
#安佳新年聚会食谱# 虾仁菠菜爆浆芝士蛋饼,Pretty的幸福美食,2.7万,829
#味达美年味小馆#菜花红烧肉,火镀红叶,2.6万,799
#味达美年味小馆#沙姜白切鸡,火镀红叶,2.5万,754
#健康炸味用多力#干炸青花椒风味小酥肉,归家小厨,2.5万,644
苹果甜甜圈,小小庆回国,5471,101
1小时搞定低脂低卡无油黑麦贝果,开心食记,3.9万,1332
辣椒炒肉,东味西厨,4964,97
#给年味整点鲜的#奥尔良鸡翅,鲍小小喵,3.1万,933
红红火火 | 糖醋里脊,不负筱食光,3.0万,867
#给年味整点鲜的#咖喱鸡肉焖饭,水怜忧,3.1万,967
香酥香蕉饼【宝宝辅食】,宝宝辅食达人原创,1.6万,614
#给年味整点鲜的#网红泡泡虾,Amy在这里,3.5万,1035
#味达美年味小馆#葱油鸡饭,熊猫半糖,3.6万,1180
#味达美年味小馆#红烧臭鳜鱼,阿紫郡主,2.9万,903
【创意凉菜】玉兔迎春，鹌鹑蛋黄瓜碰碰碰！#给年味整点鲜的#,苡陌阑珊,2.7万,771
鲜虾豆腐煲,乐思小厨,1.0万,137
酥脆可口的太妃糖――别再用温度计测温了,累并-快乐,2.1万,798
烤贝贝南瓜（空气炸锅版）,猫舍的厨房,5828,106
茄士菜焖肉酱面,sure汪,5864,230
#给年味整点鲜的#鱼片白菜汤,无我Jin,2.7万,819
#给年味整点鲜的#清烧时蔬鱿鱼花,无我Jin,4.0万,1425
#味达美年味小馆#都说溜汁臭豆腐吃起来绝了！,糖糖食味记,6.9万,2169
松软舒芙蕾,peddingcell,4.1万,1395
#袋福到万家#番茄炒菜花,Janeny,3.1万,977
#健康炸味用多力#天妇罗炸虾,归家小厨,3.9万,1214
