香辣小肚之关于卤,世乙,7101,598
#名厨汁味正当夏#西葫芦鸡蛋蒸饺,cocoqybk,1.1万,333
凉拌银耳,爱のために,3430,269
#向往的生活 就是外婆乡#板栗烧鸡,薯条沾腐乳,1.3万,1286
香辣小肚之关于猪小肚的清洗,世乙,7521,616
#向往的生活 就是外婆乡#豆角虾仁炒饭,薯条沾腐乳,1.2万,1068
五合面烀饼,Miss丶陈小晨,8681,225
#本周热榜#柠檬巴巴露亚,sharon_233,2048,125
不用发酵的包子制作过程,晨曦阳光123,1.6万,1073
酱香千层肉饼,东味西厨,3207,188
自制蛋糕,莫雨萱爱美食,7002,115
#名厨汁味正当夏#,豆粉厨娘dj萍姐,9257,333
双色芝麻脆饼,🍰悦,3513,235
酸奶排包,小敏xrbm,3720,200
#名厨汁味正当夏#红烧鲫鱼,dinaking,2.0万,1538
#名厨汁味正当夏#肉糜茄子,爱美食的拉拉,2.0万,949
#名厨汁味正当夏#家常美味-红烧排骨,石头妈1,2.3万,1249
#向往的生活 就是外婆乡#冬瓜焖鸡腿,薯条沾腐乳,1.9万,1580
山药核桃露,小羊食养,2429,97
咖喱羊肉酱汁冬瓜豆腐丸子,晓厨喂猫啦,1.8万,1539
#名厨汁味正当夏#神仙凉菜（皮蛋豆腐）清爽解腻 做法简单,快乐每一天lxku,3.2万,2090
姜葱蒸排骨｜做法简单，风味十足，新手可操作！,静香爱下厨,9783,774
#向往的生活 就是外婆乡#肝腰合炒,薯条沾腐乳,1.5万,1272
碧根果六合菜,*star丶时光,1.6万,1337
#本周热榜#夏日不开火，水果黑芝麻燕麦酸奶碗,HuMiL,2.8万,1213
姜丝焖鸡肉,美食飞行模式,1.1万,412
#玩心出道丨夏日DIY玩心潮饮挑战赛# 仲夏椰之梦,大白李泽玉,4.1万,1491
斑斓马拉糕,sharon_233,9088,327
薏米马蹄粥,玫瑰的厨房,1.1万,447
四味生炒苦瓜肉,sure汪,3.0万,1429
#向往的生活 就是外婆乡#咸菜五花肉手撕包菜,瑗瑗baby,2.0万,922
#向往的生活 就是外婆乡#姜丝豆豉烧熏鱼干,瑗瑗baby,4.0万,1901
#本周热榜#海鲜蛋炒饭,无我Jin,1.7万,734
#本周热榜#绿豆饼,无我Jin,1.5万,667
#向往的生活 就是外婆乡#鲜虾猪肉水饺,薯条沾腐乳,3.8万,1785
#本周热榜#榴莲酥,从不会做饭到爱上做饭,8646,279
凉拌牛肉,少了丸子,6794,207
简单易学的笋干蒸汤包,秋日的榕果子,8977,399
口水鸡料汁拌凉粉,难吃的干巴菌,3.4万,1654
#名厨汁味正当夏#蚝油肉丝炒合菜,Janeny,2.9万,944
#名厨汁味正当夏#蚝油包菜,木瓜甜甜,2.7万,865
酒酿小丸子,叶念瑾,7634,210
鸡蛋灌饼,Kathyqsgv,8671,264
#名厨汁味正当夏# 肉末窝蛋鸟巢,火镀红叶,4.2万,1380
小肚腩减重下不去煲这个喝！祛湿一身轻,小米厨房的诱惑,1.2万,621
芒果慕斯蛋糕,厨娘就是我哈哈,9792,579
#名厨汁味正当夏#笋干烧鸡腿,清露风荷,7.1万,3654
#奇妙烘焙屋#小米蔓越莓饼干,火镀红叶,3.8万,1283
夏日抹茶冰椰,我系波斯Cat,4.6万,1739
#名厨汁味正当夏# 蒜蓉鸡爪,火镀红叶,2.7万,914
红烧冬瓜,小花仙168,5638,193
土豆胡萝卜炖排骨（无油版）,晓筱家,2.4万,751
#名厨汁味正当夏#夏天和凉拌更配—凉拌鱿鱼,怪味熙,5.2万,2097
#茶叶蛋,好有食玉,6328,191
蚝油烧南瓜,晓筱家,2.8万,951
#名厨汁味正当夏#大锅炖圆白菜炖粉条,怪味熙,5.5万,2316
毛豆炒火腿片,晓筱家,3.0万,1033
#名厨汁味正当夏#咖喱鸡,Janeny,2.0万,600
蒜泥烤土豆｜土豆千万别削皮！一压就烤，比炸的还酥脆！,kaoker烘焙日记,4.1万,1358
#名厨汁味正当夏#红烧猪排,dinaking,4.4万,1718
蒜蓉辣酱烤蒸茄子煲,晓厨喂猫啦,1.7万,772
#玩心出道丨夏日DIY玩心潮饮挑战赛#属于夏日的香瓜莓果雪糕,紫绫罗,6.1万,2535
高纤维坚果面包,侯小猴烘焙,7400,196
莲藕水饺,爱做饭的蛏子,1.0万,264
#名厨汁味正当夏#腊肠炒杏鲍菇,贮梦阁,2.6万,763
#名厨汁味正当夏#红烧杂腩煲,一只知食分子,5.0万,1988
蒜蓉烤茄子,西沟小当家,8496,284
鲜虾焖面,美美生活小能手,4.7万,1796
香油蚝油腐乳油麦菜,晓厨喂猫啦,3.3万,1522
#名厨汁味正当夏#素炒袖珍菇,喜洋洋717,5.5万,2188
夏日生蚝焖饭:露营美食,美食组长,2.1万,905
蔬菜藜麦粥-凯度蒸烤箱,凯度蒸烤箱食谱,8885,318
小薯奶瓜四米粥,sure汪,2.8万,1729
冬瓜汤煮狮子头,颖淇宝贝,8084,424
轻盐美味下饭菜 | 藿香红烧茄子,一五五微胖,2.6万,1448
#本周热榜#芋泥啵啵椰，简直不要太好喝,寻找米米,1.7万,1009
家庭版杂酱面,我家有个小媛宝,1.0万,397
#玩心出道丨夏日DIY玩心潮饮挑战赛#莫奈“睡莲”奶昔,涵涵头(ღ˘⌣˘ღ),9.0万,3972
香菇鸡腿汤面,丢丢仔,1.6万,916
荤素一锅端,羽毛一样的花豆,4342,183
#本周热榜#糟卤毛豆掌握好技巧，毛豆翠绿又好吃,吴妈厨房,2.8万,1286
盐焗排骨（空气炸锅版）,Candy喵小咪,2.9万,256
你不会还没喝过吧！椰云拿铁 这么好喝呢,苏小莫™️,5.2万,1723
巧克力甘纳许,Anna妈咪的厨味日记,2.2万,1323
核桃胚芽吐司,叶子的甜蜜时光,7262,291
#名厨汁味正当夏#名厨汁桂鲍鱼正当夏,涓涓小溪长流水,6.2万,1965
#名厨汁味正当夏#夏日多巴胺～鳕鱼沙拉,辰辰妈dg,9.6万,4474
自制水果冰沙/冰淇淋,小米粒喂食记,1.7万,942
自制蒜蓉辣酱,Mike's_Kitchen,4.4万,2536
炸鸡花束,个性胜过姿色,3.5万,2297
#本周热榜#夏日清凉→低糖绿豆糕,倒立的猫猫,6478,127
#名厨汁味正当夏#蚝油油菜,smile6902,6.8万,2371
养胃藕粉圆子,眉眉健康厨房,4.0万,2657
秋葵炒蛋,妥妥De丶,4233,101
客家炸鱼块,Mike's_Kitchen,3.8万,2466
双色溶豆,?悦,1.4万,652
#名厨汁味正当夏#三伏天最简单减脂餐番茄炖西葫芦,劉青山,9.7万,4487
#名厨汁味正当夏#蚝油西兰花,晓筱家,5.1万,1520
#名厨汁味正当夏#少点竹签这灵魂，但味道很地道,郑可20,6.6万,2220
快手炒牛肉,随心4589,5660,128
辣椒炒鸡蛋,随心4589,1.1万,512
玫瑰冰米露真的巨好喝！分分钟炫完一整杯！,禹彤烘焙,3.4万,2271
酸甜软糯的百香果钵仔糕,洲星食品,7158,321
#名厨汁味正当夏#家常火腿炒菜花,天蝎座小菜姬,7.1万,2751
碧根果炒三丁,Smile湘雨,2.9万,2114
#名厨汁味正当夏#夏日多巴胺美食：低脂香辣拌面，减脂餐,加油刘小厨,9.3万,4375
#名厨汁味正当夏#拇指生煎,爱家爱娃爱美食,8.9万,4504
#本周热榜#夏季更宜食热食，做个香菇玉米鸡腿锅,小馋食光,4.2万,2472
可爱毛毛虫面包,一个想把自己喂胖的窈窕淑女,1.4万,416
#名厨汁味正当夏#家乡特色菜-蚝香茄饼,爱家爱娃爱美食,10.9万,5246
卤鸭腿,皮蛋蛋麻麻,6407,278
山药小米羹,小羊食养,1.5万,372
#玩心出道丨夏日DIY玩心潮饮挑战赛#黄西瓜柠檬薄荷饮,紫绫罗,8.3万,5078
家常豆腐烧脑花,jacky0314,9273,296
#名厨汁味正当夏#荷塘小炒,dinaking,7.7万,3324
玉米干粮,极光爱北极,7969,357
葱爆孜然羊肉,晓厨喂猫啦,4.0万,3457
烤鸡腿,美食带来快乐jyy,7825,357
碧根果黑芝麻糊,爱新觉罗_金金,4.2万,3819
萝卜丝煎蛋汤,爱新觉罗_金金,2.5万,1979
